INSERT INTO IMMOBILISATION.ADRESSE (ID_ADDRESSE,NOM) VALUES ('AD00001','AMBATO'), ('AD00002','AMBANIMASO'), ('AD00003','AMBATOHARANANA'), ('AD00004','AMBODIMANGA'), ('AD00005','AMBOHIJORERY'), ('AD00006','AMBOHIMITSINJORANO'), ('AD00007','AMPANOTOKANA'), ('AD00008','ANKADIBE'), ('AD00009','ANKAFOTRA'), ('AD00010','ANTANETIBE');INSERT INTO IMMOBILISATION.ADRESSE (ID_ADDRESSE,NOM) VALUES ('AD00011','ANTSAHALAVA'), ('AD00012','MIARAMASOANDRO'), ('AD00013','MAHITSITADY'), ('AD00014','SOALOKA'), ('AD00015','VATOVANDANA'), ('AD00016','AMBATOLAMPY'), ('AD00017','AMBOHINOME'), ('AD00018','AMBOHIDRATRIMO'), ('AD00019','AMBOHIDAVA'), ('AD00020','AMBOHIMARINA');INSERT INTO IMMOBILISATION.ADRESSE (ID_ADDRESSE,NOM) VALUES ('AD00021','ANJOMAKELY'), ('AD00022','AVARAJOZORO'), ('AD00023','AMBODIFASINA'), ('AD00024','SOAVINARIVO');
INSERT INTO IMMOBILISATION.BIEN (CODE,NOM,ID_MARQUE) VALUES ('012320242183AMBA00016','Imprimante','MA0016'), ('011820242182AMBA00015','Maybach','MA0001'), ('012020242182AMBA00014','Maybach','MA0001'), ('121420232182AMBA00021','Imprimante','MA0001');
INSERT INTO IMMOBILISATION.CARACTERISTIQUE (ID_CARACTERISTIQUE,NOM,ID_IMMOBILISATION) VALUES ('CAR00025','Type de papier (standard, photo, papier cartonné, etc.)','IM004'), ('CAR00026','Format du papier (A4, lettre, légal, etc.)','IM004'), ('CAR00027','Poids du papier','IM004'), ('CAR00028','Finition du papier (brillant, mat, etc.)','IM004'), ('CAR00029','Compatibilité avec les imprimantes (jet d''encre, laser)','IM004'), ('CAR00030','Quantité par paquet','IM004'), ('CAR00031','Marque de certification (le cas échéant)','IM004'), ('CAR00032','Écologie (recyclable, certifié FSC, etc.)','IM004'), ('CAR00001','Annee de fabrication','IM001'), ('CAR00002','Type de carburant','IM001');INSERT INTO IMMOBILISATION.CARACTERISTIQUE (ID_CARACTERISTIQUE,NOM,ID_IMMOBILISATION) VALUES ('CAR00003','Puissance du moteur (en chevaux)','IM001'), ('CAR00004','Transmission (automatique, manuelle)','IM001'), ('CAR00005','Nombre de places','IM001'), ('CAR00006','Couleur','IM001'), ('CAR00007','Kilometrage','IM001'), ('CAR00008','Options supplementaires (GPS, climatisation, etc.)','IM001'), ('CAR00009','Processeur','IM002'), ('CAR00010','Memoire RAM','IM002'), ('CAR00011','Capacite de stockage (disque dur ou SSD)','IM002'), ('CAR00012','Carte graphique','IM002');INSERT INTO IMMOBILISATION.CARACTERISTIQUE (ID_CARACTERISTIQUE,NOM,ID_IMMOBILISATION) VALUES ('CAR00013','Syst¿me d''exploitation','IM002'), ('CAR00014','Taille de l''ecran','IM002'), ('CAR00015','Type d''ecran (LCD, LED, etc.)','IM002'), ('CAR00016','Connectivite (ports USB, HDMI, etc.)','IM002'), ('CAR00017','Type d''impression (jet d''encre, laser, etc.)','IM003'), ('CAR00018','Resolution d''impression','IM003'), ('CAR00019','Vitesse d''impression','IM003'), ('CAR00020','Fonctions (impression, numerisation, copie)','IM003'), ('CAR00021','Connectivite (USB, Wi-Fi, Bluetooth)','IM003'), ('CAR00022','Taille maximale du papier pris en charge','IM003');INSERT INTO IMMOBILISATION.CARACTERISTIQUE (ID_CARACTERISTIQUE,NOM,ID_IMMOBILISATION) VALUES ('CAR00023','Capacite du bac a papier','IM003'), ('CAR00024','Compatibilite avec les systemes d''exploitation','IM003');
INSERT INTO IMMOBILISATION.CATEGORIE (ID_CATEGORIE,NOM,CODE) VALUES ('CAT001','Materiel de transport','2182'), ('CAT002','Materiel de bureau','2183'), ('CAT003','Materiel et outillage industriel','2155');
INSERT INTO IMMOBILISATION.COMPORTEMENT (ID_ETAT,DESIGNATION,DEBUT,FIN,COLOR) VALUES ('COMP001','Bonne etat',7,10,'green'), ('COMP002','Utilisable',3,6.9999999,'yellow'), ('COMP003','Inutilisable',0,2.99999999,'red');
INSERT INTO IMMOBILISATION.COMPOSANT (ID_COMPOSANT,NOM,MERE,ID_IMMOBILISATION,CAPACITE,UNITE,ALERTE) VALUES ('C030','Systeme exploitation',NULL,'IM002',NULL,NULL,5), ('C031','Mises a jour','C030','IM002',NULL,NULL,5), ('C032','Maintenance des correctifs de s¿curit¿','C030','IM002',NULL,NULL,5), ('C033','Logiciels et pilotes',NULL,'IM002',NULL,NULL,5), ('C034','Mises a jour','C033','IM002',NULL,NULL,5), ('C035','Sauvegarde',NULL,'IM002',NULL,NULL,5), ('C036','Configuration','C035','IM002',NULL,NULL,5), ('C037','Verification','C035','IM002',NULL,NULL,5), ('C038','Systeme de refroidissement',NULL,'IM002',NULL,NULL,5), ('C039','Ventilateurs','C038','IM002',NULL,NULL,5);INSERT INTO IMMOBILISATION.COMPOSANT (ID_COMPOSANT,NOM,MERE,ID_IMMOBILISATION,CAPACITE,UNITE,ALERTE) VALUES ('C040','Temperatures du processeur','C038','IM002',NULL,NULL,5), ('C041','Anti-virus et sécurité',NULL,'IM002',NULL,NULL,5), ('C042','Mises a jour','C041','IM002',NULL,NULL,5), ('C043','Analyse','C041','IM002',NULL,NULL,5), ('C044','Tetes impression',NULL,'IM003',NULL,NULL,5), ('C045','Nettoyage','C044','IM003',NULL,NULL,5), ('C046','Alignement','C044','IM003',NULL,NULL,5), ('C047','Bac a papier',NULL,'IM003',NULL,NULL,5), ('C048','Nettoyage','C047','IM003',NULL,NULL,5), ('C049','Ajustement','C047','IM003',NULL,NULL,5);INSERT INTO IMMOBILISATION.COMPOSANT (ID_COMPOSANT,NOM,MERE,ID_IMMOBILISATION,CAPACITE,UNITE,ALERTE) VALUES ('C050','Rouleaux alimentation',NULL,'IM003',NULL,NULL,5), ('C051','Nettoyage','C050','IM003',NULL,NULL,5), ('C052','Remplacement','C050','IM003',NULL,NULL,5), ('C053','Cartouches encre/toner',NULL,'IM003',NULL,NULL,5), ('C054','Remplacement','C053','IM003',NULL,NULL,5), ('C055','Niveaux encre','C053','IM003',NULL,NULL,5), ('C056','Stockage',NULL,'IM004',NULL,NULL,5), ('C057','Environnement','C056','IM004',NULL,NULL,5), ('C058','Protection','C056','IM004',NULL,NULL,5), ('C059','Manipulation',NULL,'IM004',NULL,NULL,5);INSERT INTO IMMOBILISATION.COMPOSANT (ID_COMPOSANT,NOM,MERE,ID_IMMOBILISATION,CAPACITE,UNITE,ALERTE) VALUES ('C060','Soins','C059','IM004',NULL,NULL,5), ('C061','Lumiere','C059','IM004',NULL,NULL,5), ('C062','Compatibilite',NULL,'IM004',NULL,NULL,5), ('C063','Utilisation','C062','IM004',NULL,NULL,5), ('C064','Verification','C062','IM004',NULL,NULL,5), ('C066','License Microsoft Office','C033','IM002',12,'mois',5), ('C067','Essence',NULL,'IM001',90,'L',5), ('C003','Systeme de refroidissement','C001','IM001',NULL,NULL,3), ('C001','Moteur',NULL,'IM001',NULL,NULL,6), ('C002','Changement huile moteur','C001','IM001',20,'L',4);INSERT INTO IMMOBILISATION.COMPOSANT (ID_COMPOSANT,NOM,MERE,ID_IMMOBILISATION,CAPACITE,UNITE,ALERTE) VALUES ('C004','Courroie de distribution','C001','IM001',NULL,NULL,3), ('C005','Bougies allumage','C001','IM001',NULL,NULL,3), ('C014','Batterie',NULL,'IM001',NULL,NULL,3), ('C015','Bornes de la batterie','C014','IM001',NULL,NULL,3), ('C016','Niveau electrolyte','C014','IM001',40,'V',6), ('C010','Pneus',NULL,'IM001',NULL,NULL,3), ('C011','Rotation des pneus','C010','IM001',NULL,NULL,3), ('C012','Equilibrage des pneus','C010','IM001',NULL,NULL,3), ('C013','Alignement','C010','IM001',NULL,NULL,3);
INSERT INTO IMMOBILISATION.DETAIL_BIEN (ID_CARACTERISTIQUE,CODE,VALEUR) VALUES ('CAR00001','012020242182AMBA00014','2024'), ('CAR00002','012020242182AMBA00014','Diesel'), ('CAR00003','012020242182AMBA00014','20'), ('CAR00004','012020242182AMBA00014','Automatique'), ('CAR00005','012020242182AMBA00014','4'), ('CAR00006','012020242182AMBA00014','Rouge'), ('CAR00007','012020242182AMBA00014','200'), ('CAR00008','012020242182AMBA00014','GPS, climatisation');
INSERT INTO IMMOBILISATION.EMPLOYEE (ID_EMPLOYEE,NOM,PRENOM) VALUES ('EMP001','Ny Avo','Tendry');
INSERT INTO IMMOBILISATION.ETAT_COMPOSANT (ID_COMPOSANT,ID_INVENTAIRE,ETAT) VALUES ('C013','INV042',6), ('C015','INV042',7), ('C005','INV042',5), ('C002','INV042',5), ('C004','INV042',5), ('C012','INV042',6), ('C067','INV042',9.91), ('C016','INV042',7), ('C011','INV042',6), ('C003','INV042',5);INSERT INTO IMMOBILISATION.ETAT_COMPOSANT (ID_COMPOSANT,ID_INVENTAIRE,ETAT) VALUES ('C013','INV044',6), ('C015','INV044',7), ('C005','INV044',5), ('C002','INV044',5), ('C004','INV044',5), ('C012','INV044',6), ('C067','INV044',9.78), ('C016','INV044',5), ('C011','INV044',6), ('C003','INV044',5);INSERT INTO IMMOBILISATION.ETAT_COMPOSANT (ID_COMPOSANT,ID_INVENTAIRE,ETAT) VALUES ('C067','INV022',2.2222223), ('C067','INV023',1.1111112), ('C067','INV024',1.1111112), ('C067','INV025',0), ('C002','INV022',5), ('C003','INV022',5), ('C004','INV022',5), ('C005','INV022',5), ('C002','INV023',5), ('C003','INV023',5);INSERT INTO IMMOBILISATION.ETAT_COMPOSANT (ID_COMPOSANT,ID_INVENTAIRE,ETAT) VALUES ('C004','INV023',5), ('C005','INV023',5), ('C002','INV024',5), ('C003','INV024',5), ('C004','INV024',5), ('C005','INV024',5), ('C002','INV025',5), ('C003','INV025',5), ('C004','INV025',5), ('C005','INV025',5);INSERT INTO IMMOBILISATION.ETAT_COMPOSANT (ID_COMPOSANT,ID_INVENTAIRE,ETAT) VALUES ('C011','INV022',6), ('C012','INV022',6), ('C013','INV022',6), ('C011','INV023',6), ('C012','INV023',6), ('C013','INV023',6), ('C011','INV024',6), ('C012','INV024',6), ('C013','INV024',6), ('C011','INV025',6);INSERT INTO IMMOBILISATION.ETAT_COMPOSANT (ID_COMPOSANT,ID_INVENTAIRE,ETAT) VALUES ('C012','INV025',6), ('C013','INV025',6), ('C015','INV022',7), ('C016','INV022',7), ('C015','INV023',7), ('C016','INV023',7), ('C015','INV024',7), ('C016','INV024',7), ('C015','INV025',7), ('C016','INV025',7);INSERT INTO IMMOBILISATION.ETAT_COMPOSANT (ID_COMPOSANT,ID_INVENTAIRE,ETAT) VALUES ('C067','INV026',10), ('C013','INV045',6), ('C015','INV045',7), ('C005','INV045',5), ('C002','INV045',5), ('C004','INV045',5), ('C012','INV045',6), ('C067','INV045',9.14), ('C016','INV045',2.5), ('C011','INV045',6);INSERT INTO IMMOBILISATION.ETAT_COMPOSANT (ID_COMPOSANT,ID_INVENTAIRE,ETAT) VALUES ('C003','INV045',5);
INSERT INTO IMMOBILISATION.ETAT_INVENTAIRE (ID_COMPOSANT,ID_VALIDATION,ETAT) VALUES ('C013','VAL0032',6.0), ('C015','VAL0032',7.0), ('C005','VAL0032',5.0), ('C002','VAL0032',5.0), ('C004','VAL0032',5.0), ('C012','VAL0032',6.0), ('C067','VAL0032',9.91), ('C016','VAL0032',7.0), ('C011','VAL0032',6.0), ('C003','VAL0032',5.0);INSERT INTO IMMOBILISATION.ETAT_INVENTAIRE (ID_COMPOSANT,ID_VALIDATION,ETAT) VALUES ('C013','VAL0031',6.0), ('C015','VAL0031',7.0), ('C005','VAL0031',5.0), ('C002','VAL0031',5.0), ('C004','VAL0031',5.0), ('C012','VAL0031',6.0), ('C067','VAL0031',10.0), ('C016','VAL0031',7.0), ('C011','VAL0031',6.0), ('C003','VAL0031',5.0);INSERT INTO IMMOBILISATION.ETAT_INVENTAIRE (ID_COMPOSANT,ID_VALIDATION,ETAT) VALUES ('C013','VAL0033',6.0), ('C015','VAL0033',7.0), ('C005','VAL0033',5.0), ('C002','VAL0033',5.0), ('C004','VAL0033',5.0), ('C012','VAL0033',6.0), ('C067','VAL0033',9.78), ('C016','VAL0033',5.0), ('C011','VAL0033',6.0), ('C003','VAL0033',5.0);INSERT INTO IMMOBILISATION.ETAT_INVENTAIRE (ID_COMPOSANT,ID_VALIDATION,ETAT) VALUES ('C067','VAL001',5.555555556), ('C002','VAL001',5.0), ('C003','VAL001',5.0), ('C004','VAL001',5.0), ('C005','VAL001',5.0), ('C011','VAL001',6.0), ('C012','VAL001',6.0), ('C013','VAL001',6.0), ('C015','VAL001',7.0), ('C016','VAL001',7.0);INSERT INTO IMMOBILISATION.ETAT_INVENTAIRE (ID_COMPOSANT,ID_VALIDATION,ETAT) VALUES ('C067','VAL002',2.222222222), ('C002','VAL002',5.0), ('C003','VAL002',5.0), ('C004','VAL002',5.0), ('C005','VAL002',5.0), ('C011','VAL002',6.0), ('C012','VAL002',6.0), ('C013','VAL002',6.0), ('C015','VAL002',7.0), ('C016','VAL002',7.0);INSERT INTO IMMOBILISATION.ETAT_INVENTAIRE (ID_COMPOSANT,ID_VALIDATION,ETAT) VALUES ('C067','VAL003',1.411111111), ('C002','VAL003',5.0), ('C003','VAL003',5.0), ('C004','VAL003',5.0), ('C005','VAL003',5.0), ('C011','VAL003',6.0), ('C012','VAL003',6.0), ('C013','VAL003',6.0), ('C015','VAL003',7.0), ('C016','VAL003',7.0);INSERT INTO IMMOBILISATION.ETAT_INVENTAIRE (ID_COMPOSANT,ID_VALIDATION,ETAT) VALUES ('C067','VAL004',0.0), ('C002','VAL004',5.0), ('C003','VAL004',5.0), ('C004','VAL004',5.0), ('C005','VAL004',5.0), ('C011','VAL004',6.0), ('C012','VAL004',6.0), ('C013','VAL004',6.0), ('C015','VAL004',7.0), ('C016','VAL004',7.0);INSERT INTO IMMOBILISATION.ETAT_INVENTAIRE (ID_COMPOSANT,ID_VALIDATION,ETAT) VALUES ('C013','VAL0034',6.0), ('C015','VAL0034',7.0), ('C005','VAL0034',5.0), ('C002','VAL0034',5.0), ('C004','VAL0034',5.0), ('C012','VAL0034',6.0), ('C067','VAL0034',9.14), ('C016','VAL0034',2.5), ('C011','VAL0034',6.0), ('C003','VAL0034',5.0);
INSERT INTO IMMOBILISATION.FIN_MISSION (ID_FIN_MISSION,FIN,ID_INVENTAIRE,ID_MISSION) VALUES ('F013',TIMESTAMP'2024-02-05 12:37:00.162','INV042','MI0023'), ('F015',TIMESTAMP'2024-02-05 12:59:50.653','INV044','MI0025'), ('F001',TIMESTAMP'2024-01-03 08:00:00','INV022','MI0001'), ('F002',TIMESTAMP'2024-01-03 12:30:00','INV023','MI0002'), ('F003',TIMESTAMP'2024-01-04 18:00:00','INV024','MI0003'), ('F004',TIMESTAMP'2024-01-06 11:00:00','INV025','MI0004'), ('F016',TIMESTAMP'2024-02-05 14:32:00.336','INV045','MI0026');
INSERT INTO IMMOBILISATION.IMMOBILISATION (ID_IMMOBILISATION,NOM,ID_CATEGORIE) VALUES ('IM001','Voiture','CAT001'), ('IM002','Ordinateur','CAT002'), ('IM003','Imprimante','CAT002'), ('IM004','Papier imprimante','CAT002');
INSERT INTO IMMOBILISATION.INVENTAIRE (ID_INVENTAIRE,DATE_INVENTAIRE,CODE) VALUES ('INV042',TIMESTAMP'2024-02-05 12:36:56.0','012020242182AMBA00014'), ('INV039',TIMESTAMP'2024-02-05 12:04:11.0','012020242182AMBA00014'), ('INV044',TIMESTAMP'2024-02-05 12:59:35.0','012020242182AMBA00014'), ('INV022',TIMESTAMP'2024-01-03 08:00:00.0','012020242182AMBA00014'), ('INV023',TIMESTAMP'2024-01-03 12:30:00.0','012020242182AMBA00014'), ('INV024',TIMESTAMP'2024-01-04 18:00:00.0','012020242182AMBA00014'), ('INV025',TIMESTAMP'2024-01-06 11:00:00.0','012020242182AMBA00014'), ('INV026',TIMESTAMP'2024-02-05 01:00:00.0','012020242182AMBA00014'), ('INV021',TIMESTAMP'2024-01-02 00:00:00.0','012020242182AMBA00014'), ('INV045',TIMESTAMP'2024-02-05 14:31:51.0','012020242182AMBA00014');
INSERT INTO IMMOBILISATION.MARQUE (ID_MARQUE,NOM,ID_IMMOBILISATION) VALUES ('MA0001','Toyota','IM001'), ('MA0002','Ford','IM001'), ('MA0003','Honda','IM001'), ('MA0004','Chevrolet','IM001'), ('MA0005','Tesla','IM001'), ('MA0006','Dell','IM002'), ('MA0007','HP','IM002'), ('MA0008','Lenovo','IM002'), ('MA0009','Apple','IM002'), ('MA0010','Asus','IM002');INSERT INTO IMMOBILISATION.MARQUE (ID_MARQUE,NOM,ID_IMMOBILISATION) VALUES ('MA0011','Epson','IM003'), ('MA0012','Canon','IM003'), ('MA0013','Brother','IM003'), ('MA0014','HP','IM003'), ('MA0015','Samsung','IM003'), ('MA0016','Xerox','IM004'), ('MA0017','Hammermill','IM004'), ('MA0018','HP','IM004'), ('MA0019','Navigator','IM004'), ('MA0020','Canon','IM004');
INSERT INTO IMMOBILISATION.MISSION (ID_MISSION,LATITUDE,LONGITUDE,DEBUT,ADRESSE,ETAT,CODE,ID_EMPLOYEE) VALUES ('MI0017',-18.91359518247047,47.54087314809112,TIMESTAMP'2024-02-05 10:00:00','Antanimora Ampasanimalo, Antananarivo, Madagascar',0,'012020242182AMBA00014','EMP001'), ('MI0023',-18.91359518247047,47.54087314809112,TIMESTAMP'2024-02-05 12:30:00','Antanimora Ampasanimalo, Antananarivo, Madagascar',20,'012020242182AMBA00014','EMP001'), ('MI0026',-18.91475405132012,47.51853207150664,TIMESTAMP'2024-02-05 13:03:00','Ambatonakanga Ambohitsorohitra, Antananarivo, Madagascar',20,'012020242182AMBA00014','EMP001'), ('MI0025',-18.929907342871296,47.52783389338031,TIMESTAMP'2024-02-05 12:43:00','Tsarafaritra, Antananarivo, Madagascar',20,'012020242182AMBA00014','EMP001'), ('MI0031',-18.9185352519231,47.54109489650879,TIMESTAMP'2024-02-05 15:17:00','Faliarivo Ambanidia, Antananarivo, Madagascar',0,'012320242183AMBA00016','EMP001'), ('MI0003',-18.143354,49.398169,TIMESTAMP'2024-01-04 10:00:00',NULL,20,'012020242182AMBA00014','EMP001'), ('MI0001',-23.354172,43.686794,TIMESTAMP'2024-01-02 12:00:00',NULL,20,'012020242182AMBA00014','EMP001'), ('MI0002',-19.87354,47.029924,TIMESTAMP'2024-01-03 08:00:00',NULL,20,'012020242182AMBA00014','EMP001'), ('MI0004',-12.319447,49.293603,TIMESTAMP'2024-01-05 10:00:00',NULL,20,'012020242182AMBA00014','EMP001'), ('MI0030',-18.910830928236315,47.534617236559754,TIMESTAMP'2024-02-05 14:34:00','Antsakaviro Ambodirotra, Antananarivo, Madagascar',10,'012020242182AMBA00014','EMP001');
INSERT INTO IMMOBILISATION.RECEPTION (ID_RECEPTION,CODE,DATE_RECEPTION,ID_ADDRESSE,ID_IMMOBILISATION) VALUES ('REC0034','012320242183AMBA00016',TIMESTAMP'2024-01-21 00:00:00.0','AD00001','IM004'), ('REC0033','011820242182AMBA00015',TIMESTAMP'2024-01-18 00:00:00.0','AD00001','IM001'), ('REC0032','012020242182AMBA00014',TIMESTAMP'2024-01-20 00:00:00.0','AD00001','IM001'), ('REC0041','121420232182AMBA00021',TIMESTAMP'2023-12-14 00:00:00.0','AD00001','IM001');
INSERT INTO IMMOBILISATION.SAMPLE (X,Y) VALUES (10,4), (11,96), (12,450), (13,1155), (14,2092), (15,3842), (16,6248), (17,8607), (18,10843), (19,13645);INSERT INTO IMMOBILISATION.SAMPLE (X,Y) VALUES (20,17025);
INSERT INTO IMMOBILISATION.VALIDE_MISSION (ID_VALIDATION,DATE_VALIDATION,ID_MISSION) VALUES ('VAL0032',TIMESTAMP'2024-02-05 12:42:03.102','MI0025'), ('VAL0031',TIMESTAMP'2024-02-05 12:24:39.428','MI0023'), ('VAL0033',TIMESTAMP'2024-02-05 13:01:43.779','MI0026'), ('VAL001',TIMESTAMP'2024-02-01 12:00:00','MI0001'), ('VAL002',TIMESTAMP'2024-03-01 08:00:00','MI0002'), ('VAL003',TIMESTAMP'2024-04-01 10:00:00','MI0003'), ('VAL004',TIMESTAMP'2024-05-01 10:00:00','MI0004'), ('VAL0034',TIMESTAMP'2024-02-05 14:33:28.753','MI0030');
